{
  "loan_to_income": {
    "p10": 0.8441558441558441,
    "p25": 1.5909090909090908,
    "p50": 2.606382978723404,
    "p75": 3.630952380952381,
    "p90": 4.607142857142857,
    "mean": 2.6945432595019274,
    "std": 1.432462037286733
  },
  "mortgage_applicant_income": {
    "p10": 52000.0,
    "p25": 73000.0,
    "p50": 110000.0,
    "p75": 170000.0,
    "p90": 265000.0,
    "lognormal_mu": 11.608235644774552,
    "lognormal_sigma": 0.653790972069325
  },
  "loan_to_value": {
    "p25": 64.65,
    "p50": 80.0,
    "p75": 94.733,
    "mean": 75.40360571467367
  },
  "_evasion_benchmarks": {
    "suspicious_lti_threshold": 5.0,
    "note": "LTI > 5x declared income is a strong evasion signal"
  }
}